{
  "full": {
    "METEOR": 0.2599160225606564,
    "BLEU-1": 0.33181108333148357,
    "BLEU-2": 0.18117542573859516,
    "BLEU-3": 0.10365520365946217,
    "BLEU-4": 0.06498216020678825
  },
  "bootstrap": {
    "METEOR": {
      "mean": 0.25935638785705184,
      "ci95": [
        0.24909264239536869,
        0.2706470031801766
      ]
    },
    "BLEU-1": {
      "mean": 0.3311647773952318,
      "ci95": [
        0.31889340996595156,
        0.34375607493512134
      ]
    },
    "BLEU-2": {
      "mean": 0.1806089336260019,
      "ci95": [
        0.1694335486752168,
        0.19217294672778806
      ]
    },
    "BLEU-3": {
      "mean": 0.10346822951566623,
      "ci95": [
        0.09491637162210238,
        0.11124766278222875
      ]
    },
    "BLEU-4": {
      "mean": 0.06495091263242263,
      "ci95": [
        0.05884467966890583,
        0.07118405311342293
      ]
    }
  },
  "N": 316,
  "B": 200,
  "seed": 42,
  "pred_path": "/root/autodl-tmp/myprj/outputs/v1_multi/preds.json",
  "ref_path": "/root/autodl-tmp/myprj/outputs/v1_multi/refs.json"
}
