{
  "full": {
    "METEOR": 0.22946312279030104,
    "BLEU-1": 0.30166719701098227,
    "BLEU-2": 0.15313323477169496,
    "BLEU-3": 0.08196962007898688,
    "BLEU-4": 0.04999287311589243
  },
  "bootstrap": {
    "METEOR": {
      "mean": 0.22943147867599703,
      "ci95": [
        0.2186377702796271,
        0.2402455847515092
      ]
    },
    "BLEU-1": {
      "mean": 0.30221509687903847,
      "ci95": [
        0.2925019403043143,
        0.3141917346301667
      ]
    },
    "BLEU-2": {
      "mean": 0.1532271151955993,
      "ci95": [
        0.14491967074278084,
        0.1626739988843812
      ]
    },
    "BLEU-3": {
      "mean": 0.08186810117349051,
      "ci95": [
        0.07640354936009383,
        0.0881002657557172
      ]
    },
    "BLEU-4": {
      "mean": 0.04987504609273307,
      "ci95": [
        0.0459875971262064,
        0.054538027859447454
      ]
    }
  },
  "N": 211,
  "B": 200,
  "seed": 42,
  "pred_path": "/root/autodl-tmp/myprj/outputs/v0_multi/preds.json",
  "ref_path": "/root/autodl-tmp/myprj/outputs/v0_multi/refs.json"
}
