{
  "full": {
    "METEOR": 0.26049016806104064,
    "BLEU-1": 0.3304498923456642,
    "BLEU-2": 0.1793575406210136,
    "BLEU-3": 0.10207402926768125,
    "BLEU-4": 0.0637326007595878
  },
  "bootstrap": {
    "METEOR": {
      "mean": 0.2603383788785486,
      "ci95": [0.24978817025560515, 0.2729542964165493]
    },
    "BLEU-1": {
      "mean": 0.33004310089730526,
      "ci95": [0.31927297434410445, 0.3430851802054952]
    },
    "BLEU-2": {
      "mean": 0.17894718853618635,
      "ci95": [0.16852765854777546, 0.18978022486778728]
    },
    "BLEU-3": {
      "mean": 0.10195866935910032,
      "ci95": [0.09413512344234758, 0.10895709503695894]
    },
    "BLEU-4": {
      "mean": 0.06370624920726856,
      "ci95": [0.05857099589991927, 0.0693835953349856]
    }
  },
  "N": 316,
  "B": 200,
  "seed": 42,
  "pred_path": "/root/autodl-tmp/myprj/outputs/v1_zero/preds.json",
  "ref_path": "/root/autodl-tmp/myprj/outputs/v1_zero/refs.json"
}
