{
  "full": {
    "METEOR": 0.2645922390430432,
    "BLEU-1": 0.33149285423413427,
    "BLEU-2": 0.18048662972624632,
    "BLEU-3": 0.1036853075707702,
    "BLEU-4": 0.06455875462427588
  },
  "bootstrap": {
    "METEOR": {
      "mean": 0.264405201714238,
      "ci95": [
        0.25173682238794165,
        0.2768951719069697
      ]
    },
    "BLEU-1": {
      "mean": 0.3310089046052015,
      "ci95": [
        0.31989613857359134,
        0.3431843141764166
      ]
    },
    "BLEU-2": {
      "mean": 0.1800716865539871,
      "ci95": [
        0.17054274966177074,
        0.18985229742487772
      ]
    },
    "BLEU-3": {
      "mean": 0.10361974308998555,
      "ci95": [
        0.09650486580078514,
        0.11067272033774946
      ]
    },
    "BLEU-4": {
      "mean": 0.06453324849381603,
      "ci95": [
        0.05903120841297135,
        0.06921630134102827
      ]
    }
  },
  "N": 316,
  "B": 200,
  "seed": 42,
  "pred_path": "/root/autodl-tmp/myprj/outputs/v1_single/preds.json",
  "ref_path": "/root/autodl-tmp/myprj/outputs/v1_single/refs.json"
}
